{"id":11721354,"name":"Brunette Pigtails","meshId":"11711210","texId":null,"attachment":{"x":0,"y":0.300000012,"z":-0.100000001}}