{"id":16725437,"name":"Four Eyes The Devourer","meshId":"16659313","texId":null,"attachment":{"x":-0.0500000007,"y":0.200000003,"z":0}}