{"id":37240393,"name":"Two Face","meshId":"37223980","texId":null,"attachment":{"x":0.349999994,"y":0.5,"z":0.00999999978}}