{"id":25517564,"name":"Crimson OBJECTION!","meshId":"23594638","texId":null,"attachment":{"x":0,"y":0.0500000007,"z":-0.150000006}}